Area,No_Of_Bedrooms,No_Of_Bathrooms
2.2901101101359216,1.414213562373095,1.7320508075688774
0.933007822647968,0.0,1.7320508075688774
0.25445667890399126,0.0,-0.5773502691896258
3.647212397623875,1.414213562373095,1.7320508075688774
-1.7811967523279388,-1.414213562373095,-0.5773502691896258
4.325763541367851,2.82842712474619,4.041451884327381
