Area,No_Of_Bedrooms,No_Of_Bathrooms
-0.08481889296799709,-1.414213562373095,-0.5773502691896258
-1.1026456085839622,0.0,-0.5773502691896258
1.6115589663919447,1.414213562373095,1.7320508075688774
-0.4240944648399854,0.0,-0.5773502691896258
